{
  "accuracy": [
    0.7406542301177979,
    0.83857262134552,
    0.8827527761459351,
    0.8929481506347656,
    0.9001699090003967,
    0.8952845931053162,
    0.9167374968528748,
    0.9180119037628174
  ],
  "loss": [
    0.5594823956489563,
    0.3626696467399597,
    0.27784255146980286,
    0.25806015729904175,
    0.2395275980234146,
    0.24668072164058685,
    0.2079891413450241,
    0.20804841816425323
  ],
  "val_accuracy": [
    0.7595419883728027,
    0.8568702340126038,
    0.8702290058135986,
    0.8988549709320068,
    0.8893129825592041,
    0.8702290058135986,
    0.8893129825592041,
    0.919847309589386
  ],
  "val_loss": [
    0.46794670820236206,
    0.29483798146247864,
    0.2575942575931549,
    0.24398472905158997,
    0.2342108190059662,
    0.27906596660614014,
    0.22071699798107147,
    0.18895800411701202
  ]
}