{
  "accuracy": [
    0.8763806223869324,
    0.9093033075332642,
    0.9154630303382874,
    0.9214103817939758,
    0.928207278251648
  ],
  "loss": [
    0.28195101022720337,
    0.21439768373966217,
    0.1937175840139389,
    0.18100225925445557,
    0.16931559145450592
  ],
  "val_accuracy": [
    0.8912213444709778,
    0.9045801758766174,
    0.902671754360199,
    0.9179389476776123,
    0.9217557311058044
  ],
  "val_loss": [
    0.2381742149591446,
    0.21962870657444,
    0.21928183734416962,
    0.19353370368480682,
    0.19165723025798798
  ]
}