{
  "accuracy": [
    0.7376499772071838,
    0.8763499855995178,
    0.9064000248908997,
    0.927049994468689,
    0.9408000111579895
  ],
  "loss": [
    0.5286839008331299,
    0.2961280345916748,
    0.23304028809070587,
    0.1909560114145279,
    0.1596604436635971
  ],
  "val_accuracy": [
    0.8525999784469604,
    0.8737999796867371,
    0.8399999737739563,
    0.8841999769210815,
    0.8802000284194946
  ],
  "val_loss": [
    0.3504456579685211,
    0.30331605672836304,
    0.3887188136577606,
    0.28830838203430176,
    0.30886784195899963
  ]
}