{
  "accuracy": [
    0.7766000032424927,
    0.9027500152587891,
    0.9293500185012817,
    0.9524999856948853,
    0.9599999785423279
  ],
  "loss": [
    0.45164501667022705,
    0.24859504401683807,
    0.18783532083034515,
    0.13227254152297974,
    0.11424364149570465
  ],
  "val_accuracy": [
    0.8676000237464905,
    0.8628000020980835,
    0.8740000128746033,
    0.8644000291824341,
    0.8485999703407288
  ],
  "val_loss": [
    0.32108914852142334,
    0.3247576653957367,
    0.34736010432243347,
    0.39436617493629456,
    0.41778233647346497
  ]
}